year,party_id,party,lrgen,lrecon,galtan,redistribution
2019,102,PS,2.083333253860474,2.25,2.916666746139526,1.583333373069763
2019,103,SP/SPA,3.083333253860474,3.083333253860474,2.75,2
2019,104,ECOLO,2.083333253860474,2.5,1.083333373069763,1.916666626930237
2019,105,AGALEV,2.416666746139526,2.666666746139526,1.166666626930237,2.25
2019,106,PRL/MR,6.5,6.916666507720947,3.181818246841431,5.833333492279053
2019,107,VLD/PVV,6.583333492279053,7.166666507720947,2.454545497894287,6
2019,108,PSC/CDH,4.583333492279053,4.666666507720947,5,3.916666746139526
2019,109,CDV,5.583333492279053,5.583333492279053,6.25,5
2019,110,VU/NVA,7.916666507720947,7.916666507720947,6.090909004211426,7
2014,111,FDF,5.599999904632568,5.599999904632568,4,5
2019,112,VB,9.583333015441895,5,8,4.416666507720947
1999,113,MCC,5.571428775787354,5.800000190734863,5.800000190734863,NA
1999,114,ID21,5.142857074737549,5.142857074737549,4,NA
2010,115,FN,9.214285850524902,8.454545021057129,9.666666984558105,6.599999904632568
2010,117,LDD,8.428571701049805,8.866666793823242,5.066666603088379,8.399999618530273
2010,118,Spirit,2.769230842590332,2.384615421295166,1.909090995788574,2.428571462631226
2019,119,PVDA-PTB,0.3333333432674408,0.3333333432674408,4.583333492279053,0.3333333432674408
2014,120,PP,7.75,8.5,7.5,6.5
2019,201,SD,4,3.714285612106323,5,3.142857074737549
2019,202,RV,5.071428775787354,5.642857074737549,1.357142806053162,5.142857074737549
2019,203,KF,7.071428775787354,7.571428775787354,6.071428775787354,7.214285850524902
1999,204,CD,5.571428775787354,5.285714149475098,6.199999809265137,NA
2019,206,SF,2.642857074737549,2.5,2.571428537368774,2.071428537368774
1999,210,KRF,5.428571224212646,5.714285850524902,5.400000095367432,NA
2019,211,v,6.642857074737549,6.857142925262451,5.357142925262451,6.5
1999,212,FP,9.285714149475098,8.857142448425293,7.599999904632568,NA
2019,213,EL,1,1,1.071428537368774,0.6428571343421936
2019,215,DF,6.928571224212646,4.428571224212646,8,4.357142925262451
2006,216,JuniB,3.17,2.83,4.75,3.5
2014,217,FolkB,2,1.333333373069763,2.75,2
2019,218,LA,8,8.714285850524902,3.857142925262451,9.071428298950195
2019,219,A,2.5,3.214285612106323,0.9285714030265808,2.846153736114502
2019,220,NB,9,8.571428298950195,8.307692527770996,8.785714149475098
2019,301,CDU,5.857142925262451,5.904761791229248,5.857142925262451,5.947368621826172
2019,302,SPD,3.61904764175415,3.714285612106323,3.38095235824585,3.052631616592407
2019,303,FDP,6.428571224212646,7.904761791229248,3.428571462631226,8.578947067260742
2019,304,GRUNEN,3.238095283508301,3.809523820877075,1.095238089561462,3.421052694320679
1999,305,REP,9.214285850524902,7.222222328186035,9.416666984558105,NA
2019,306,LINKE,1.428571462631226,1.285714268684387,2.809523820877075,0.8947368264198303
2019,308,CSU,7.190476417541504,6.38095235824585,7.285714149475098,6.315789699554443
2014,309,NPD,10,5.333333492279053,9.818181991577148,5.599999904632568
2019,310,AfD,9.2380952835083,7,9.523809432983398,6
2019,311,Piraten,2.142857074737549,2.400000095367432,1.333333373069763,2.5
2019,312,DieTier,2.333333253860474,3,1.5,NA
2019,401,PASOK,4.333333492279053,4.222222328186035,3.888888835906982,3.777777671813965
2019,402,ND,7.111111164093018,7.222222328186035,7.44444465637207,7.333333492279053
2019,403,SYRIZA,2.333333253860474,2.222222328186035,2.444444417953491,1.333333373069763
2019,404,KKE,0.2222222238779068,0.1111111119389534,6.625,0.1111111119389534
1999,408,POLA,7.571428775787354,6.714285850524902,7,NA
2010,409,DIKKI,5,2.599999904632568,6.666666507720947,0.6000000238418579
2014,410,LAOS,8.666666984558105,5.333333492279053,8.333333015441895,5.5
2010,411,OP,2.25,2.625,0.625,1.625
2014,412,ANEL,8.777777671813965,5.111111164093018,8.55555534362793,5.166666507720947
2014,413,Potami,4.888888835906982,5.666666507720947,2.111111164093018,4
2014,414,DIMAR,3.222222328186035,3.444444417953491,2.555555582046509,2.444444417953491
2019,415,XA,10,3.375,10,2.75
2019,416,EL,9,4.375,9.375,3.571428537368774
2019,417,MR25,1.428571462631226,1.75,0.6666666865348816,1
2019,418,KIDISO,4.199999809265137,4.800000190734863,3.200000047683716,3.599999904632568
2019,501,PSOE,3.599999904632568,3.799999952316284,2.933333396911621,2.799999952316284
2019,502,PPP,8.066666603088379,7.933333396911621,8,7.266666889190674
2019,504,IU,1.866666674613953,1.799999952316284,2.200000047683716,1.399999976158142
2014,505,CiU,6.199999809265137,7,6.199999809265137,6.5
2019,506,PNV,6,5.800000190734863,5.666666507720947,5.333333492279053
2014,507,EA,4.333333492279053,4.125,4.5,4.777777671813965
1999,508,EH,1.272727251052856,1.799999952316284,4.388888835906982,NA
1999,510,PAR,6.181818008422852,6.272727489471436,5.958333492279053,NA
2019,511,ERC,3.200000047683716,3.400000095367432,2.866666555404663,3
1999,512,UV,6.041666507720947,5.727272510528564,5.875,NA
2019,513,BNG,3.142857074737549,2.923076868057251,3.083333253860474,2.916666746139526
1999,514,VERDE,2.888888835906982,2.375,1.888888835906982,NA
2002,516,PA,5.2,4.86,4.43,NA
2019,517,CC,6.714285850524902,6.357142925262451,6.307692527770996,5.75
2014,518,ICV,2.111111164093018,2,0.8888888955116272,1.600000023841858
1999,519,PSC,4.208333492279053,4.227272510528564,3.708333253860474,NA
2010,520,CHA,2.900000095367432,2.555555582046509,2,2
2010,521,CpE,5.400000095367432,5.400000095367432,5.400000095367432,5.5
2010,522,EdP-V,2.857142925262451,3,2.166666746139526,3
2014,523,UPyD,5.666666507720947,6,3.111111164093018,4.666666507720947
2019,524,EHB,1.285714268684387,1.466666698455811,1.75,1.916666626930237
2019,525,Podemos,1.933333277702332,2.133333444595337,1.333333373069763,1.666666626930237
2019,526,Cs,7.199999809265137,7.400000095367432,5.466666698455811,6.533333301544189
2019,527,Vox,9.714285850524902,9.333333015441895,9.666666984558105,8.333333015441895
2019,528,Pais,2.733333349227905,2.799999952316284,1.666666626930237,2.333333253860474
2019,550,PdeCat,6.666666507720947,6.866666793823242,5.866666793823242,6.214285850524902
2019,601,PCF,1.125,1.125,3.75,0.5
2019,602,PS,3,3.125,2.75,2.25
2014,603,PRG,3.818181753158569,3.75,3.416666746139526,2.777777671813965
2019,605,EELV,2.5,2.875,1.625,2.375
2019,609,LR,7.875,8.125,6.875,7.375
2019,610,RN,9.75,6.875,8.125,4
2014,612,MPF,9.100000381469727,8,8.909090995788574,7.142857074737549
2019,613,MoDem,6.125,6.25,4.5,5.857142925262451
1999,614,LO-LCR,0.1428571492433548,0.2142857164144516,6,NA
2002,615,DL,7.07,8.17,5.92,NA
1999,617,MEI,4,5,3,NA
1999,618,D,7.658333301544189,9,9,NA
1999,619,CPNT,7.800000190734863,7.25,7.875,NA
1999,620,MN,8.278571128845215,8.571428298950195,9.714285850524902,NA
2014,621,NC,6.272727489471436,6.888888835906982,6.222222328186035,6.428571224212646
2014,622,PRV,6.142857074737549,6.5,5.857142925262451,6
2014,623,AC,6.599999904632568,6.800000190734863,6.166666507720947,6
2014,624,PG,1.700000047683716,1.111111164093018,2.400000095367432,0.699999988079071
2014,625,Ensemble,2.5,2.333333253860474,3.5,2
2019,626,LREM,6.333333492279053,6.333333492279053,3.166666746139526,5.833333492279053
2019,627,FI,1.25,0.875,3.125,0.625
2019,628,DLF,9,7,8.285714149475098,6.400000095367432
2019,701,FF,5.428571224212646,5.428571224212646,5.714285850524902,4.857142925262451
2019,702,FG,5.857142925262451,6.428571224212646,4.285714149475098,5.857142925262451
2019,703,Lab,3.571428537368774,3.571428537368774,2.857142925262451,3.285714387893677
2019,705,GP,3.142857074737549,3.142857074737549,2.142857074737549,3
2006,706,PD,8.1,8.5,4.11,7.329999923706055
2019,707,SF,2.571428537368774,2.142857074737549,4.428571224212646,2.285714387893677
2014,708,SP,0.875,0.5,1.857142806053162,0.8571428656578064
2019,709,S-PBP,0.800000011920929,0.4000000059604645,2,1
2019,710,DS,3,2.333333253860474,2.833333253860474,2.833333253860474
2019,711,I4C,3.25,2.75,3,3.75
2019,712,RI,8,7.599999904632568,7.800000190734863,7.75
2006,802,DS,2.71,3,2.88,2.170000076293945
2014,803,RC,0.2857142984867096,0.1428571492433548,1,0.25
2010,805,AN,7.333333015441895,5.222222328186035,7.333333015441895,4.875
1999,806,PRI,5,5.800000190734863,5.166666507720947,NA
2006,807,SDI,3.86,3.83,1.38,3
2010,808,VERDI,1.75,2,0.75,2
2019,811,LN,8.789473533630371,7.684210300445557,9.210526466369629,7.315789699554443
2019,813,RI,4.3125,6.599999904632568,0.4117647111415863,5.714285850524902
2014,814,UDC,5.285714149475098,5.285714149475098,7.857142925262451,6
2019,815,FI,6.947368621826172,7.842105388641357,6.842105388641357,6.888888835906982
1999,817,UD,5,5,5,NA
2002,818,CDU,6,5.29,7.85,NA
2006,819,DL,4,4.43,5.13,3.329999923706055
1999,820,LB,4.599999904632568,8.199999809265137,0.6000000238418579,NA
1999,821,MS,9.666666984558105,5.166666507720947,9.600000381469727,NA
1999,822,PdUP,2.16666674613953,1,3,NA
2002,823,PPI,4.42,4.21,5.38,NA
1999,824,PsDA,4.199999809265137,3.666666746139526,6.25,NA
2002,825,RI,5.23,5.77,5.83,NA
1999,826,SEG,6,6.400000095367432,4.599999904632568,NA
2019,827,SVP,5.166666507720947,5.125,6.666666507720947,5.199999809265137
2010,828,IdV,4,4.714285850524902,3.5,3.75
2006,829,UDEUR,5,4.29,7.75,3.670000076293945
2006,830,PP,5.75,4.5,8,3.75
2006,832,MRE,4.33,4.75,3.83,4.5
2006,835,NPSI,5.43,5.67,3.57,5.199999809265137
2010,836,PdCI,0.7999999523162842,1,1.285714387893677,0.7142857313156128
2019,837,PD,3.21052622795105,3.578947305679321,2.263157844543457,2.722222328186035
2019,838,SI,1.444444417953491,1,0.6875,1
2010,839,PSI,4.142857074737549,3.333333492279053,1.5,2.75
2010,840,MpA,6.285714149475098,4.5,6.833333492279053,3.25
2010,842,SD,2.142857074737549,1.857142806053162,1.142857193946838,1
2014,843,CD,5,5,6.285714149475098,5
2019,844,FdI,9.052631378173828,6.388888835906982,9.421052932739258,5.529411792755127
2019,845,M5S,4.777777671813965,3.21052622795105,3.736842155456543,1.894736886024475
2014,846,SC,5.428571224212646,7.571428775787354,5.428571224212646,6.75
2014,847,VdA,4.833333492279053,4.5,6,2
2014,848,NCD,6.142857074737549,6,8,7
2019,1001,CDA,6.846153736114502,6.692307472229004,7.153846263885498,6
2019,1002,PvdA,3.615384578704834,3.615384578704834,3.076923131942749,2.833333253860474
2019,1003,VVD,7.615384578704834,8.15384578704834,5,8.25
2019,1004,D66,5.153846263885498,6.230769157409668,1.384615421295166,5.75
2019,1005,GL,2.307692289352417,2.384615421295166,0.8461538553237915,2.181818246841431
2019,1006,SGP,8.538461685180664,7.166666507720947,9.923076629638672,7.166666507720947
1999,1007,GPV,6.699999809265137,5.800000190734863,8.636363983154297,NA
1999,1008,RPF,6.800000190734863,6,8.545454978942871,NA
1999,1009,CD,9.375,8.571428298950195,9.25,NA
2019,1014,SP,1.384615421295166,1.384615421295166,4.307692527770996,0.75
2002,1015,LPF,8.375,8.11,5.44,NA
2019,1016,CU,5.07692289352417,4.307692527770996,8.15384578704834,4.181818008422852
2019,1017,PVV,8.692307472229004,6.461538314819336,7.230769157409668,5.833333492279053
2019,1018,PVdD,2.384615421295166,3.181818246841431,2.923076868057251,3.111111164093018
2019,1020,50PLUS,5.083333492279053,4.454545497894287,5.599999904632568,4.400000095367432
2019,1050,DENK,4.363636493682861,3.5,7.545454502105713,3.125
2019,1051,FvD,9.538461685180664,9.083333015441895,8.333333015441895,8.666666984558105
2019,1101,CONS,7.117647171020508,7.058823585510254,6.176470756530762,6.647058963775635
2019,1102,LAB,1.941176414489746,1.941176414489746,2.29411768913269,1.588235259056091
2019,1104,LIBDEM,4.235294342041016,4.470588207244873,1.529411792755127,3.470588207244873
2019,1105,SNP,3.5,3.4375,2.666666746139526,3.125
2019,1106,PLAID,3.090909004211426,3.363636255264282,3,3.090909004211426
2019,1107,GREEN,2,2.117647171020508,0.8125,1.875
2019,1108,UKIP,8.6875,7.733333110809326,8.199999809265137,7.066666603088379
2010,1109,BNP,9.928571701049805,5.846153736114502,9.533333778381348,3.666666746139526
2019,1110,BREXIT,8.199999809265137,6.888888835906982,8.615385055541992,6.375
2019,1201,CDU,0.875,0.625,5.125,0.8571428656578064
2019,1202,CDS/PP,8.5,8.5,8.875,6.857142925262451
2019,1205,PS,4.125,4,4.375,3.857142925262451
2019,1206,PSD,6.375,6.5,7,6.285714149475098
2019,1208,BE,0.875,1,1.75,1.428571462631226
2014,1209,MPT,6.75,7,6.333333492279053,3
2019,1210,PCP,0.875,0.75,5.125,0.8571428656578064
2019,1211,PEV,1.142857193946838,1.285714268684387,4.875,1.166666626930237
2019,1250,PAN,3.428571462631226,3.833333253860474,4,2.799999952316284
2019,1301,SPO,4,3.599999904632568,3.799999952316284,2.400000095367432
2019,1302,OVP,6.900000095367432,6.900000095367432,7.099999904632568,6.199999809265137
2019,1303,FPO,9.100000381469727,6.5,8.899999618530273,5.599999904632568
2019,1304,Grune,2.5,2.5,1.399999976158142,2.5
2019,1306,NEOS,5.900000095367432,7.099999904632568,2.299999952316284,6.900000095367432
2014,1307,BZO,7.800000190734863,7.199999809265137,7.199999809265137,6.300000190734863
2010,1308,MARTIN,4.777777671813965,3.714285850524902,5,4.199999809265137
2014,1310,TeamStronach,7.599999904632568,7.900000095367432,7.199999809265137,8.142857551574707
2019,1401,SDP,3.142857074737549,3.214285612106323,3.285714387893677,1.714285731315613
2019,1402,KOK,7.714285850524902,7.857142925262451,5.071428775787354,6.857142925262451
2019,1403,KESK,5.857142925262451,6.071428775787354,6.714285850524902,4.928571224212646
2019,1404,VAS,1.5,1.571428537368774,1.5,1.071428537368774
2019,1405,PS,7.571428775787354,6.428571224212646,8.785714149475098,5.285714149475098
2019,1406,SFP,6,6.214285850524902,2.714285612106323,4.714285850524902
2019,1408,VIHR,3.714285612106323,4.142857074737549,0.9285714030265808,2.857142925262451
2019,1409,KD,6.857142925262451,5.714285850524902,8.785714149475098,4.785714149475098
1999,1411,SEP/EKA,6.333333492279053,5.666666507720947,7.75,NA
1999,1412,REM,6.599999904632568,5.800000190734863,6.800000190734863,NA
1999,1413,KIPU,4.75,4.5,3.75,NA
2019,1601,V,1.70588231086731,1.764705896377563,1.941176414489746,0.5
2019,1602,S/SAP,3.882352828979492,4.117647171020508,4.411764621734619,2.8125
2019,1603,C,6.823529243469238,8,2.235294103622437,6.75
2019,1604,L,6.529411792755127,7.117647171020508,3.235294103622437,6.25
2019,1605,M,7.705882549285889,7.705882549285889,5.941176414489746,7.1875
2019,1606,KD,7.823529243469238,7.235294342041016,7.058823585510254,6.3125
2019,1607,MP,3.29411768913269,3.941176414489746,1.588235259056091,3
1999,1608,NyD,9,8,6,NA
2010,1609,JL,5.272727489471436,5.222222328186035,4.199999809265137,5.400000095367432
2019,1610,SD,8.470588684082031,5.588235378265381,8.764705657958984,4.6875
2014,1611,PIRAT,5,5.25,1.235294103622437,5.166666507720947
2014,1612,FI,1.809523820877075,1.714285731315613,0.8095238208770752,1.375
2010,2001,NDSV,5.818181991577148,6.181818008422852,4.199999809265137,6.888888835906982
2014,2002,SDS,7.133333206176758,7.6875,3.5,7.647058963775635
2019,2003,BSP,3.25,3,7.142857074737549,3
2019,2004,DPS,4.714285850524902,4.952381134033203,6.142857074737549,4.599999904632568
2019,2005,BMRO,6.900000095367432,4.809523582458496,9.5,4.8125
2002,2006,KSII,6.86,6.29,6.33,NA
2019,2007,Ataka,6.809523582458496,3.526315689086914,9.619047164916992,3.1875
2019,2008,DSB,7.449999809265137,7.949999809265137,4.684210300445557,6.599999904632568
2010,2009,BNS,6.142857074737549,5.625,6.142857074737549,5.5
2019,2010,GERB,6.095238208770752,6.095238208770752,5.761904716491699,5.904761791229248
2010,2011,L,6,4.428571224212646,8.199999809265137,4.5
2010,2012,RZS,6.5,4.166666507720947,8,4.166666507720947
2014,2013,DBG,6.133333206176758,6.533333301544189,3.588235378265381,6.599999904632568
2019,2014,NFSB,7.349999904632568,5.473684310913086,8.899999618530273,5.400000095367432
2014,2015,BBT,6.083333492279053,3.900000095367432,7.454545497894287,3
2014,2016,ABV,3.466666698455811,3.375,5.375,3.133333444595337
2019,2017,Volya,5.55555534362793,5.375,8.526315689086914,5.176470756530762
2019,2018,DB,6.050000190734863,6.777777671813965,2.799999952316284,5.550000190734863
2019,2019,Slavi Trifonov,5.666666507720947,4.333333492279053,6.44444465637207,3.5
2019,2101,CSSD,2.740740776062012,2.592592477798462,4.92307710647583,2.440000057220459
2019,2102,ODS,7.777777671813965,7.703703880310059,7.037036895751953,7.884615421295166
2019,2103,KSCM,1.14814817905426,1.038461565971375,8.074073791503906,1.384615421295166
2019,2104,KDU-CSL,5.888888835906982,5.538461685180664,7.777777671813965,4.458333492279053
2002,2105,US-DEU,6.78,7.53,2.58,NA
2006,2106,SNK-ED,6.67,7.2,2.8,7
2014,2107,SZ,3.857142925262451,3.714285612106323,1.285714268684387,4.090909004211426
2006,2108,Nezavisl,5.5,4.5,4.75,NA
2019,2109,TOP09,7.407407283782959,7.333333492279053,4.851851940155029,7.416666507720947
2010,2110,VV,5.888888835906982,5.894736766815186,4.3125,5.583333492279053
2019,2111,ANO2011,4.692307472229004,4.5,5.730769157409668,3.846153736114502
2014,2112,USVIT,7.692307472229004,5.333333492279053,7.714285850524902,4
2014,2113,SVOBODNI,8.714285850524902,9.230769157409668,4.857142925262451,9
2019,2114,Pirates,4.28000020980835,4.346153736114502,1,4.217391490936279
2019,2115,SPD,8.84615421295166,4.666666507720947,9.370369911193848,4.136363506317139
2019,2116,STAN,6.269230842590332,6.57692289352417,4.07692289352417,6.208333492279053
2019,2201,IRL,7.538461685180664,7.07692289352417,7.384615421295166,6.333333492279053
2019,2202,EK,4.461538314819336,3.769230842590332,4.615384578704834,3.333333253860474
2019,2203,ER,6.461538314819336,7.461538314819336,3.076923131942749,6.916666507720947
2019,2204,SDE,3.076923131942749,3.384615421295166,1.692307710647583,2.666666746139526
2006,2205,KP,2.25,2.33,NA,NA
2010,2206,ERL,4,3.428571224212646,7.142857551574707,3.285714387893677
2014,2207,EER,5.75,6,4.285714149475098,5.333333492279053
2014,2208,EVE,7.375,7.142857074737549,3.857142925262451,6.599999904632568
2019,2209,EKRE,8.461538314819336,4.692307472229004,9.538461685180664,4.75
2019,2210,E200,5.153846263885498,5.846153736114502,2.153846263885498,4.818181991577148
2019,2301,MSZP,3.400000095367432,4,3.733333349227905,3.5
2019,2302,Fidesz-KDNP,8.333333015441895,3.733333349227905,9.199999809265137,5
2010,2303,MDF,6.333333492279053,5.933333396911621,6.400000095367432,5.75
2010,2304,SZDSZ,4,6.75,1.428571462631226,6.090909004211426
2002,2305,MIEP,9.71,4,9.69,NA
2002,2306,CP,4.83,5.5,5.55,NA
2010,2307,KDNP,7.588234901428223,3.058823585510254,8.29411792755127,4.357142925262451
2019,2308,JOBBIK,7.733333110809326,4.133333206176758,8.066666603088379,4.642857074737549
2019,2309,LMP,3.933333396911621,3.733333349227905,3.066666603088379,4
2019,2310,E14,3.571428537368774,4.666666507720947,1.428571462631226,2.75
2019,2311,DK,3.333333253860474,4.666666507720947,2.133333444595337,4.071428775787354
2019,2314,MM,4.400000095367432,5.933333396911621,1.600000023841858,4.357142925262451
2006,2401,JL,7,7,5,7.5
2019,2402,LKS,2.272727251052856,3.200000047683716,7,2.777777671813965
2006,2403,TP,7.25,7.75,5.75,8.25
2006,2404,LPP,7,7.75,8,8
2019,2405,ZZS,5.818181991577148,5.454545497894287,7.636363506317139,5.727272510528564
2019,2406,NA,8.454545021057129,6.090909004211426,8.090909004211426,6.272727489471436
2006,2407,LC,6.75,8,6,8.5
2006,2408,LSDSP,2.25,2.25,6,1.25
2019,2410,SDPS,3.454545497894287,4,6.272727489471436,3.090909004211426
2010,2411,ZRP,6.375,6.666666507720947,5.142857074737549,5.777777671813965
2019,2412,V,6.909090995788574,7.181818008422852,4.818181991577148,6.909090995788574
2014,2413,NSL,5.142857074737549,4.857142925262451,7.714285850524902,4.833333492279053
2019,2414,LRA,6,6.625,6.222222328186035,6.285714149475098
2019,2415,KPV LV,5.699999809265137,5,5.5,5.5
2019,2416,JKP,7.272727489471436,6.181818008422852,7.090909004211426,5.363636493682861
2019,2417,AP!,5.818181991577148,5.900000095367432,1.909090876579285,4.727272510528564
2019,2501,LSDP,2.363636255264282,2.818181753158569,2.727272748947144,3.090909004211426
2002,2502,NDP,3.2,3.75,6.25,NA
2002,2503,LRS,2.2,2.25,7,NA
2010,2504,NS,4.07692289352417,4,5.333333492279053,4
2010,2505,LiCS,6.230769157409668,6.75,4.083333492279053,5.92307710647583
2019,2506,TS-LKD,7.181818008422852,6.727272510528564,6.636363506317139,5.454545497894287
2019,2507,LVZS,5.090909004211426,4,8.454545021057129,5.090909004211426
2002,2508,LKDP,7.4,4.25,8.2,NA
2002,2509,LCS,5.6,6.25,4.2,NA
2002,2510,NKS,6.6,5.5,5.25,NA
2019,2511,LLRA,6.090909004211426,2.818181753158569,9.454545021057129,3.222222328186035
2002,2512,LLS,7.8,0.75,8.75,NA
2002,2513,JL-PKS,9.8,2.25,8.6,NA
2002,2514,MKDS,7,6.75,5,NA
2019,2515,TT,6.636363506317139,4.272727489471436,8.636363983154297,4.222222328186035
2019,2516,DP,4.909090995788574,4.909090995788574,6.099999904632568,5.099999904632568
2010,2517,TPP,5.44444465637207,5.777777671813965,4.5,6
2019,2518,LRLS,6.818181991577148,8.272727012634277,1.909090876579285,6.636363506317139
2010,2519,FRONT,1.153846263885498,1,5.75,0.3846153914928436
2014,2520,DK,6.875,3.333333253860474,9,3
2019,2521,LCP,5.333333492279053,3.777777671813965,8.625,4
2019,2522,LZP,4,4.333333492279053,3.333333253860474,4.333333492279053
2019,2523,VKM-AMT,5.222222328186035,4.111111164093018,3.111111164093018,3.444444417953491
2019,2601,SLD,3.38095235824585,3.904761791229248,3.571428537368774,3.349999904632568
2002,2602,UP,3,2.25,1.38,NA
2019,2603,PO,5.38095235824585,6.571428775787354,4.666666507720947,5.900000095367432
2010,2604,S,4.636363506317139,2.666666746139526,7.75,1.909090876579285
2019,2605,PiS,7.550000190734863,2.952380895614624,9.142857551574707,1.75
2019,2606,PSL,5.285714149475098,4.333333492279053,7.099999904632568,3.450000047683716
2010,2607,LPR,9.25,3.5,9.538461685180664,3.5
2002,2608,AWSP,7.75,4.38,7.5,NA
2006,2609,PD,4.5,7.4,1.17,7.5
2010,2611,SDPL,2.666666746139526,3.416666507720947,2.25,3.333333253860474
2010,2612,SD,4.666666507720947,6.25,3.666666507720947,6.428571224212646
2014,2613,RP,2.529411792755127,4.1875,1.176470637321472,4.133333206176758
2014,2614,KNP,9.529411315917969,9.588234901428223,8.823529243469238,9.588234901428223
2014,2615,PR,7.647058963775635,6.666666507720947,7.6875,6.400000095367432
2014,2616,SP,8.29411792755127,3.375,8.647058486938477,3.25
2019,2617,Kukiz,7.111111164093018,6.75,7.611111164093018,5.375
2019,2618,Nowo,5.157894611358643,7.666666507720947,2.611111164093018,6.722222328186035
2019,2619,Konfederacia,9.526315689086914,9.058823585510254,9.526315689086914,8.058823585510254
2019,2620,Lewica Razem,1.277777791023254,1.29411768913269,1.222222208976746,1.470588207244873
2019,2621,Wiosnia,1.894736886024475,3.5,0.8421052694320679,2.666666746139526
2019,2701,PSD,3.666666746139526,3.375,8.25,2.875
2014,2702,PC,5.529411792755127,5,7.9375,5.25
2010,2703,PRM,5.631578922271729,2.099999904632568,9.449999809265137,1.736842155456543
2014,2704,PDL,6.647058963775635,7.176470756530762,5.588235378265381,6.933333396911621
2019,2705,PNL,7.066666603088379,7.25,6,6.8125
2019,2706,UDMR,5.866666793823242,5.6875,6.0625,5.733333110809326
2002,2707,CDR 2000,6.29,6.71,4.43,NA
2006,2708,FDGR,5.29,6,4.29,4.670000076293945
2014,2709,UNPR,3.428571462631226,3.571428537368774,7.642857074737549,4.230769157409668
2014,2710,PP-DD,4.357142925262451,2.538461446762085,8.625,3.454545497894287
2019,2711,PMP,7.071428775787354,7.357142925262451,7.214285850524902,6.92307710647583
2019,2712,ALDE,6.133333206176758,6.133333206176758,6.25,6.066666603088379
2019,2713,USR,6.466666698455811,6.5,2.625,6
2019,2714,PRO,4.285714149475098,4.533333301544189,6.538461685180664,4.142857074737549
2010,2801,LS-HZDS,5,4.428571224212646,7.214285850524902,4.384615421295166
2014,2802,SDKU-DS,6.857142925262451,7.571428775787354,5.307692527770996,7.384615421295166
2019,2803,Smer-SD,4.25,3.5,7.875,2.125
2019,2804,SMK-MKP,5.92307710647583,5.538461685180664,7.142857074737549,4.090909004211426
2019,2805,KDH,6.625,6.1875,8.0625,5
2002,2806,ANO,6.71,7.5,3.54,NA
2010,2807,KSS,0.692307710647583,0.3333333730697632,6.599999904632568,0.5454545617103577
2002,2808,PSNS,8.5,3.75,8.62,NA
2019,2809,SNS,7.4375,4.4375,8.9375,3.533333301544189
2002,2810,HZD,4.23,3.91,6,NA
2010,2811,SF,5.727272510528564,6,2.75,5.625
2019,2812,SaS,7,8.125,3.1875,8.5
2019,2813,MH,5.199999809265137,5.75,4.8125,5.133333206176758
2019,2814,OLaNO,6.571428775787354,6,6.785714149475098,5
2014,2815,NOVA,7.071428775787354,7.07692289352417,7.07692289352417,7
2019,2816,Siet,5.75,7.75,4,5.666666507720947
2019,2817,LSNS,9.3125,3.9375,9.8125,2.266666650772095
2019,2818,Sme Rodina,7.133333206176758,4.857142925262451,8.4375,2.857142925262451
2019,2819,PS,3.8125,5,1.5,4.3125
2019,2820,SPOLU,5.333333492279053,6.125,3,5.6875
2019,2821,Za Ludi,6,6.625,5,5.400000095367432
2010,2901,LDS,4.75,5.833333492279053,1.583333253860474,5.833333492279053
2019,2902,SDS,8.642857551574707,7.5,8.733333587646484,7
2019,2903,SD,2.571428537368774,3.071428537368774,2.533333301544189,2.714285612106323
2014,2904,SLS,6.461538314819336,6.307692527770996,7.07692289352417,5.699999809265137
2019,2905,NSI,7.5,7.357142925262451,8,6.071428775787354
2019,2906,DeSUS,3.769230842590332,3.285714387893677,5.066666603088379,2.785714387893677
2019,2907,SNS,8.714285850524902,6.307692527770996,8.466666221618652,6.833333492279053
2002,2908,SMS,4.4,4,3.2,NA
2006,2909,AS,4.6,3.8,2.6,3
2010,2910,Zares,3.916666507720947,4.583333492279053,1.75,4.333333492279053
2019,2911,SMC,4.785714149475098,5.142857074737549,4.066666603088379,4.5
2019,2912,Levica,0.7142857313156128,0.7142857313156128,1,1.142857193946838
2019,2913,AB,4.214285850524902,4.357142925262451,3.333333253860474,3.5
2014,2914,PS,3.384615421295166,4.153846263885498,3.461538553237915,4.727272510528564
2019,2915,LMS,4.357142925262451,4.642857074737549,4.642857074737549,4.214285850524902
2019,3101,HDZ,6.875,4.833333492279053,7.125,4.545454502105713
2019,3102,SDP,3.416666746139526,3.833333253860474,2.291666746139526,3.545454502105713
2019,3103,HSS,4.666666507720947,3.545454502105713,4.666666507720947,3.428571462631226
2019,3104,HSLS,5.34782600402832,6.958333492279053,3.545454502105713,6.714285850524902
2019,3105,HNS,4.291666507720947,6.291666507720947,1.916666626930237,5.954545497894287
2019,3106,IDS,3.25,5.26086950302124,1.333333373069763,4.476190567016602
2019,3107,HDSSB,8.409090995788574,5.0625,8.545454978942871,3.666666746139526
2019,3108,HSU,4.400000095367432,2.761904716491699,4.941176414489746,2.333333253860474
2014,3109,HSP,9.25,4.714285850524902,9.375,4.25
2019,3110,SDSS,3.083333253860474,2.736842155456543,2.904761791229248,3.052631616592407
2014,3112,HL-SR,2,2,2.125,1.25
2014,3113,HSP-AS,9,4.75,9.25,4
2014,3114,ORaH,2.444444417953491,3,1,3.125
2019,3115,Most,7.82608699798584,5.772727489471436,8.5,4.449999809265137
2019,3116,ZZ,4.789473533630371,3.190476179122925,4.956521511077881,2.809523820877075
2019,3117,MB 365,5.636363506317139,3.666666746139526,6.043478488922119,3.272727251052856
2019,3118,NS-R,4.636363506317139,6,2.954545497894287,5.761904716491699
2019,3119,HKS,9.260869979858398,6,9.47826099395752,5.07692289352417
2019,3701,PL,6.142857074737549,6.428571224212646,2,3.714285612106323
2019,3702,PN,6.142857074737549,6.428571224212646,6.571428775787354,3.571428537368774
2019,3801,CSV,6,5.5,6,3.5
2019,3802,Greng,4.5,4.5,3,4
2019,3803,DP,5.5,5.5,4,6.5
2019,3804,LSAP,4,4,4,3.5
2019,3805,ADR,8,7,8,4.5
2019,3806,DL,1.5,1.5,2.5,1.5
2019,3807,PPLU,5,5.5,5,5
2019,4001,DISY,7.5,8,6.5,8
2014,4002,EVROKO,8.666666984558105,8.5,7.25,7.5
2019,4003,AKEL,3,2.5,2.5,1
2019,4004,DIKO,5.5,6,6,4.5
2019,4005,EDEK,4.5,4.5,6,4
2019,4006,KOP,4.5,4,3,2
2019,4007,SYM,4.5,4.5,3.5,5
2019,4008,KINHMA,7,7,7.5,5.5
2019,4009,ELAM,10,7.5,10,6
