ccodewb,party,partynum,dw,d2,d5,d1,d4,e2,partysize
ALB,PBDNj,5,4.6666665,3,4.4000001,4.25,1.3333334,2.7,1.3
ALB,PD,1,5.5,6,4.181818,4.7777777,2.5555556,3,24.599998
ALB,PS,2,4,4.8888888,3.6363637,3.8,2.4444444,3.0833333,40.450001
ALB,PR,4,6.8888888,7,4.7272725,6.7142859,2.7777777,2.8333333,18.549999
ALB,LSI,3,3.8888888,4.7777777,3.909091,3.9000001,2.5555556,2.8333333,4.0999999
AGO,MPLA,1,6.5714288,5.090909,4.2307692,6.3333335,6.3333335,3.4166667,67.690002
AGO,PRS,3,5.8000002,5.7142859,4.8571429,4.7777777,3.909091,3.0999999,2.72
AGO,UNITA,2,5.7142859,6.090909,4.4166665,5.1111112,5.5,3.25,22.244999
ARG,P.Justicialista,1,5.6315789,4.2380953,5.5238094,4.5500002,5.5625,2.9545455,4.5
ARG,Alianza Frente para la victoria,3,4,4,5.3333335,5,4,2,0
ARG,Frente para la victoria,4,3.7894738,4,4.4210525,4.5999999,4.9333334,3.2,38.796154
ARG,PRO,5,7.8888888,7.1111112,6.6666665,6.4444447,5.875,3.2,5.023077
ARG,Unión Cívica Radical,2,4.9000001,4.6500001,4.0952382,5.1052632,4.0625,3.090909,9.0653839
AUS,The Liberal Party,1,7,7.4000001,5.9000001,6.8000002,6.1999998,3.7,38.699997
AUS,The Australian Greens,4,1.8,2.4000001,2.4000001,3.3,2,3.9000001,7.5
AUS,The Nationals,3,7.9000001,5.3000002,6.9000001,7.0999999,6.8000002,3.5999999,5.6999998
AUS,The Labor Party (ALP),2,3.8,3.8,3.9000001,3.7,3.2,3.7,40.5
AUT,SPÖ,1,3.6666667,2.8,3.3571429,2.5333333,3.4666667,3.4666667,32.299999
AUT,Grüne,3,2.8,3.5714285,1.5714285,2.5999999,1.2666667,3.9333334,10.75
AUT,BZÖ,5,9,6.0999999,6.9166665,4.0999999,9.3999996,3.0666666,7.3999996
AUT,FPÖ,4,9.2857141,4.8333335,7.3846154,4.0714288,9.7333336,3.4666667,14.25
AUT,ÖVP,2,7,7.2666669,6.6428571,5.6666665,5.5333333,3.7333333,30.15
BGD,Awami League,2,5,3.8181818,3.4166667,4.8000002,4.6153846,3,44.549999
BGD,Bangladesh Nationalist Party,1,7.0999999,3.909091,5,4,4.3846154,2.7692308,37.950001
BGD,Jatiya Party,4,6.125,5.875,4.5714288,3.8333333,4.5555553,2.7,7.0999999
BGD,Jamat-E-Islami,3,8.818182,5.1428571,7.1999998,3.2857144,5.6999998,3.0833333,4.4499998
BEL,SP.a-Spirit,4,2.8333333,3.6666667,4.5999999,2.3333333,3,3.6666667,12.6
BEL,MR,8,6.5714288,7.7142859,3.8333333,7,3.5714285,3.6666667,11.95
BEL,FN,12,9.333333,7.5,9.3999996,3,9.833333,2.25,2
BEL,Open VLD,3,6.8333335,6.5,3.5999999,7.6666665,6.3333335,3.8333333,13.6
BEL,LDD,6,8.6000004,9.3999996,1.6,9,7.4000001,3.4000001,2
BEL,Groen!,7,1.8333334,3.1666667,3.5999999,1.8333334,1.3333334,4,3.25
BEL,NV-A,5,7.1999998,6.8000002,6.5999999,6.8000002,8.333333,4,3.7
BEL,CD&V,1,5.3333335,5,6.4000001,4.3333335,5.3333335,3.5,13.75
BEL,CDH,10,4.5,4.7142859,6.5714288,4.1666665,3,3.6666667,5.8000002
BEL,Ecolo,11,3.8571429,3.1428571,2,2.8571429,2,3.8333333,4.0999999
BEL,VB,2,9.666667,6.8333335,8.3999996,7.8333335,9.833333,3.8333333,11.8
BEL,PS,9,2.5714285,2.2857144,2.6666667,2.1428571,2.2857144,3.8333333,11.95
BEN,Democratic Renewal Party,3,4.1999998,4.8888888,4.1111112,4.4285712,3.375,3,13.65
BEN,G-13,5,4.1666665,4.5,5.5,4.4000001,3.3333333,3.4285715,7.8499999
BEN,The Key Force,4,4.4285712,3.75,4.4444447,3,3,2.9000001,5.1000004
BEN,The Cauri Forces for an Emerging Benin,1,9.2222223,3.6666667,5.7777777,3.875,3.25,3.4000001,21.1
BEN,Social Democratic Party,2,3.5999999,4.4444447,4.3333335,5,3.625,3,12.05
BOL,Juicios sobre MAS,1,1.9230769,1.9230769,5.3636365,2,4.6923075,3.4615386,37.299999
BOL,Juicios sobre MNR,3,6.4615383,6.2307692,4,5.1538463,4.9230771,2.6923077,14.5
BOL,Juicios sobre PODEMOS,2,8.5384617,7,4.7272725,6,5.6923075,2.9230769,16
BOL,Juicios sobre Frente de Unidad Nacional,4,5.4615383,5.4615383,4.4545455,4.6923075,4.7692308,3.0833333,3.9000001
BWA,Botswana National Front,2,3.4666667,2.9285715,4.4000001,2.4666667,3.4285715,3,26.029999
BWA,Botswana Congress Part,3,4.3333335,3.9285715,4.6153846,3.6666667,3.4285715,3.2857144,14.31
BWA,Botswana Democratic Party,1,7.2666669,6.5999999,4.6666665,6.1999998,6.2857141,3.5333333,54.364998
BRA,PMDB,3,5.7647057,4.9411764,5.3571429,5.3125,5.6666665,2.8947368,13.9
BRA,PL,2,7.7647057,7.2941175,6.6666665,6.75,6.8333335,2.3333333,4.3500004
BRA,PTB,8,6.1176472,5.3125,5.6153846,5,5.181818,2.2352941,4.6499996
BRA,PSB,5,3.0625,3.0625,4,3.75,3.7272727,3.3125,5.6999998
BRA,PSDB,6,6,6.5294118,4.25,5.9444447,5,3.5789473,13.85
BRA,PFL,1,8.5294113,8,5.7333331,6.7058825,6.6153846,2.7368422,12.1
BRA,PT,7,3,2.8235295,3.3125,3.6111112,2.6428571,3.7894738,16.549999
BRA,PP,4,8.1764708,6.5333333,7.0769229,6.1538463,7,2.2142856,7.3999996
BRA,PPS,11,3.8823528,4.0625,3.5625,4.5,4,3.2666667,3.45
BRA,PDT,9,3.4705882,3.2352941,3.6428571,4.0625,4.1538463,3.1764705,5.1499996
BRA,PCdoBR,10,1.9411764,2,3.1875,2.8125,2.9166667,3.7333333,2.1500001
BGR,DSB,6,7.2307692,7.5454545,4,7.0769229,5.3076925,3.4615386,3.2
BGR,ODS,5,6.6153846,7.5,3.75,6.7692308,3.5384614,3.3076923,12.950001
BGR,GERB,7,6.2727275,7.2222223,5,6.625,5.5,2.8333333,0
BGR,DPS,3,4,5.3333335,5.4615383,4.6666665,3.3076923,1.9230769,10.1
BGR,BSP,1,3.75,3.0769231,5.5,4,4.3846154,3,24.049999
BGR,Ataka,4,5.8888888,3.7272727,8,3.7777777,8.7692308,3.1538463,4.0500002
BGR,NDSV,2,5.8333335,7.0769229,3.75,7.3076925,2.8461537,2.5833333,31.299999
CAN,Liberal Party,4,5.5,4.9166665,3.0833333,4.9166665,3.1666667,2.8181818,28.25
CAN,New Democratic Party,5,2.4166667,2.1666667,1.8333334,2.25,2.5,3.5454545,17.85
CAN,Green Party,3,4,4,2.8333333,3.5,3.4285715,3.8,5.6500001
CAN,Conservative Party,2,8,7.5833335,7,7.3333335,5.5833335,3.1818182,37
CAN,Bloc Québécois,1,3.0833333,3.090909,2.25,2.75,3.2,3.3636363,10.25
CHL,P.S,3,3.5,3.9444444,3.2222223,5.2222223,4.6666665,3.3157895,10.05
CHL,P.R.S.D,1,4.6111112,4.647059,3.8333333,4.9411764,5.0588236,2.5,3.75
CHL,U.D.I,2,8.6111107,8.166667,7.8888888,6.8888888,7.5,3.1578948,23.799999
CHL,R.N,4,7.9444447,8.1111107,6.5555553,6.8888888,7.1666665,3,13.950001
CHL,P.D.C,5,5.5555553,4.7222223,6.4444447,5.7777777,5.7222223,3.3684211,19.849998
CHL,P.P.D,6,4.2777777,4.7222223,3,5.3888888,4.3888888,3.0526316,14.049999
COL,Partido Conservador,2,8.833333,6,8.333333,5.3333335,6.0833335,3.1818182,13.4
COL,P.L.C.,1,4.8333335,4.6666665,3.5,4.25,4.3333335,3.2727273,25.15
COL,Partido de la U,3,8.833333,6.5833335,8.083333,5.5833335,6.181818,3.090909,8.3500004
COL,Mov. Alas Equipo Colombia,7,8.545455,6.4444447,7.375,5.75,5,2.5714285,3.3000002
COL,Convergencia Ciudadana,6,8.2222223,5.4285712,7.3333335,5.5,4.3333335,2.8333333,2.8
COL,Cambio Radical,4,8.818182,7,8.1999998,6.2727275,6,3.3636363,7.25
COL,Polo Democrático Alternativo,5,2,3.6666667,2.75,4,3,3.5454545,4.0999999
CRI,P.U.S.C,4,7.3333335,5.7647057,5.5294118,4.5,4.1999998,3.1764705,18.799999
CRI,Mov. Libertario,3,9.4444447,8.5555553,4.1176472,7.1111112,5.7777777,3.5882354,9.25
CRI,P.L.N,2,6.8333335,5.3333335,6,3.7777777,4.090909,3.6470587,31.799999
CRI,P.A.C,1,3.3888888,2.8888888,5.4444447,2.6666667,3.5454545,3.7647059,23.599998
HRV,HDZ,1,7.375,4.375,7.375,5,6.375,2.8125,35.25
HRV,HSS,4,7.3125,2.5,7.625,3.2,5.875,3.5625,6
HRV,HDSSB,9,8.5,4.125,7.8666668,4.0999999,8.1999998,2.7857144,1.23
HRV,SDSS,10,3.6666667,3.3333333,3.2727273,2.8181818,1.625,3.1333334,1.75
HRV,SDP,2,2.9375,3.0625,1.75,3.125,2.1875,3.6875,26.900002
HRV,HSU,7,5.1428571,2.3571429,4.5,2.1333334,3.75,3.1875,4.0500002
HRV,HNS,3,3.5625,6.25,2,6.3125,2,3.375,7.4000001
HRV,HSP,6,9,3.5625,8.3125,4,8.25,3,4.9499998
HRV,HSLS,5,5.5,6.8125,3.375,5.9375,4.375,2.75,2.8
HRV,IDS,8,3.3333333,6.2857141,2,5.7692308,1.5625,2.9375,2.075
CZE,Communist Party of Bohemia and Moravia,4,1.3333334,1.4583334,5.2173915,1.5,5.2173915,3.3199999,15.65
CZE,Civic Democratic Party,1,8.708333,8.916667,4.5,8.083333,6.8333335,3.6800001,29.950001
CZE,Czech Social Democratic Party,2,2.7916667,3.3333333,4.25,2.7916667,3.8695652,3.76,31.25
CZE,Green Party,5,5.4583335,5.6666665,2.0952382,5.3684211,2.3333333,3.3199999,4.3500004
CZE,Christian and Democratic Union - Czechoslovak People's Party,3,5.7199998,5.1199999,7.8400002,4.4000001,6.1199999,3.1538463,8.7999992
DNK,Socialist People's Party (SF),4,2.8,2.7333333,2.7857144,2.7333333,2.5714285,3.6666667,9.5
DNK,Liberals (Venstre),5,7.3333335,7.3333335,4.7142859,6.6666665,6.1999998,3.5333333,27.650002
DNK,Social Liberals (Det Radikale Venstre),2,5.1333332,5.4666667,2.5,5.6666665,2.4000001,3.6428571,7.1499996
DNK,Unity List (Enhedslisten),7,1.3333334,1.6666666,2.5,1.6,1.9333333,3.7333333,2.8000002
DNK,Danish People's Party (Dansk Folkeparti),6,7.3333335,5.0666666,7.2142859,4.2666669,9.4666662,3.8,13.549999
DNK,Conservatives (Det Konservative Folkeparti),3,7.6666665,7.5999999,5.0714288,7.5999999,6.2666669,3.5999999,10.35
DNK,Social Democrats (Socialdemokratiet),1,4.1333332,3.8666666,3.6428571,3.5999999,5.0666666,3.5999999,25.700001
DNK,New alliance (Ny alliance),8,7.8000002,8.4285716999999991,2.9166667,8,4,3.8,1.4
DOM,PRD,1,6.181818,5.5999999,5,4.7272725,5.0999999,3.0833333,36.514999
DOM,PRSC,2,7.3636365,6.0999999,5.3636365,5.4444447,8,2.909091,17.599998
DOM,Partido de la Liberación Dominicana,3,7,5.818182,5.090909,5,6.2222223,3.5833333,37.75
ECU,PRIAN,5,8.5384617,7.0769229,6.4166665,5.5833335,7.7692308,1.8571428,17.199999
ECU,Pachakutik,4,2.7692308,2.7692308,4.5833335,3.7692308,1.9230769,3.2142856,2.25
ECU,Izquierda Democrática,2,4.8461537,4.3076925,4.6666665,4,4.3076925,3.1428571,5.5500002
ECU,Partido Social Cristiano,1,9,7.0769229,7.4166665,6.2307692,8,2.5714285,9.6000004
ECU,Partido Sociedad Patriotica,6,6.7692308,5.9166665,5.3636365,4.2307692,5.3333335,2.2142856,12.950001
ECU,PRE,3,6.0769229,5.4615383,5.6666665,3.7272727,5.7272725,2.1428571,4.25
EGY,Tagammu,4,2.75,2.75,3.5714285,3.25,3.5714285,2.625,0.88105726
EGY,Wafd,3,7.5,7.5,5,6.625,3.875,2.375,1.4317181
EGY,Muslim Brotherhood,2,6.125,6,8.25,4.5555553,7.375,3.125,11.563877
EGY,National Democratic Party,1,6.3333335,5.25,7.125,5.3333335,4.5555553,2.5555556,76.982376
SLV,Partido Demócrata Cristiano,4,8.1538458,6.5833335,7.5833335,6.0769229,7.3000002,2.3846154,6.6999998
SLV,Alianza Republicana Nacionalista,1,9.6153851,7.8461537,7.4615383,6.3846154,7.8333335,3.3846154,39
SLV,Partido de Conciliación Nacional,3,9.1538458,7.3636365,7.5,6.6923075,7.6666665,2.3846154,9.8999996
SLV,P. Farabundo Martí para la Liberación Nacional,2,1.9230769,3.6153846,5.3076925,3.2307692,4.8333335,3.3076923,41.150002
EST,Reform,1,8.5555553,9.4444447,4.5555553,8.666667,6.7777777,3.6666667,22.75
EST,Rohelised,6,5.8000002,6,4,7,3.8,3.4444444,3.55
EST,Rahvaliit,4,5.3333335,4.5555553,7.125,3.8888888,7,2.8888888,10.05
EST,IRL,3,8.333333,7.5555553,7.8888888,6.8888888,8.666667,3.5555556,24.9
EST,SDE,5,4.4444447,4.5555553,3.8888888,3.5555556,3.6666667,3.5555556,8.8000002
EST,Kesk,2,4.2222223,4.1111112,4.5555553,3.2222223,3.4444444,3.2222223,25.75
FIN,KD,6,6.7222223,5.1666665,6.8823528,4.1176472,4.7222223,3.375,5.1000004
FIN,VIHR,5,4.2352943,4.6111112,2.4705882,3.6470587,1.9444444,3.6470587,8.25
FIN,KOK,3,7.8333335,7.7777777,4.9411764,6.5882354,5,3.3529413,20.450001
FIN,PS,8,5.7333331,4.375,6.1999998,3,7.4444447,3.625,2.8499999
FIN,KESK,1,6.1111112,5.1111112,5.5294118,4.8823528,4.8888888,3.4117646,23.900002
FIN,VAS,4,2.6111112,2.5,3.7647059,2.1176472,3.1111112,3.3529413,9.3500004
FIN,SDP,2,3.8333333,3.7777777,4.2352943,3.2352941,3.3888888,3.5882354,22.950001
FIN,RKP/SFP,7,6.9444447,6.8333335,3.3529413,5.5882354,2.5555556,2.9411764,4.5500002
FRA,Ligue Communiste Révolutionnaire (LCR),7,1.2,1.6,2.2666667,1,2.2142856,2.6923077,2.3499999
FRA,Union pour un Mouvement Populaire (UMP),2,7.7333331,6.4000001,6.4666667,7.7333331,7.3076925,3.2142856,36.400002
FRA,Les Verts,5,3.2,2.9333334,2,2.7333333,1.9285715,3.2142856,3.9000001
FRA,Front National (FN),1,9.666667,7.6153846,8.6000004,8.0714283000000009,9.9333334,2.7857144,7.8000002
FRA,Parti Socialiste (PS),4,3.8,3.8666666,3.1333334,3.4000001,3.9230769,3.1428571,24.400002
FRA,Parti Communiste Français (PCF),6,1.9333333,1.8,3.2,1.2666667,3,2.9285715,4.5500002
FRA,Mouvement Démocrate (MoDem),3,5.6428571,5.5333333,5.4666667,5.6428571,4.8571429,2.8571429,6.25
GEO,United National Movement (UNM),1,6,8.125,4.625,3.7777777,4,3.3333333,63.099998
GEO,New Rights (Conservative) Party of Georgia (NCP),4,7.5555553,8.2857141,4.8571429,5.8571429,4.2857141,2.7777777,12.650001
GEO,Georgian Labor Party (GLP),3,2.625,2.6666667,6.1666665,2.75,4.7142859,3.3333333,6.6000004
GEO,Christian Democratic Movement (CDM),2,6,5.8333335,6.5,3.1666667,4.7777777,3.25,4.3499999
DEU,Radical Right,7,9.909091,2.1428571,9.3999996,2.5714285,9.913043,3.4375,1.05
DEU,CSU,2,7.0869565,5.2173915,7.0434785,4.869565,7.869565,3.55,8.1999998
DEU,Gruene,5,3.2857144,4.7272725,1.6956521,4.2727275,1.826087,3.9047618,8.3500004
DEU,SPD,3,3.8695652,3.5652175,3.8695652,3.6086957,4,3.4285715,36.349998
DEU,Linke,6,1.7272727,1.3043479,3.3333333,1.6521739,4.3333335,3.8571429,6.3499999
DEU,CDU,1,6.347826,5.9130435,6.130435,5.521739,6.6363635,3.4285715,28.65
DEU,FDP,4,6.409091,8.695652,2.4347825,8.347826,3.7826087,3.7142856,8.6000004
GHA,New Patriotic Party,1,7.5,7.9230771,4.0833335,5.3000002,4.7692308,3.6363637,49.714912
GHA,National Democratic Congress,2,5.7777777,3.6923077,5.8333335,3.25,4.7692308,3.3,47.299999
GHA,People's National Convention,3,4.6666665,3,3.3333333,2.5,3,3.3636363,1.3885965
GRC,ND,1,7,7,6.4000001,6,6.0666666,2.7142856,43.599998
GRC,KKE,3,1.4666667,1.0666667,3.2,1.6666666,2.5,3.8,7.0500002
GRC,LAOS,5,9.1333332,3.5555556,9,3.1111112,8.8000002,2.9230769,3
GRC,SYRIZA,4,2.0666666,1.8,1.1428572,2.2666667,1.8,3.6666667,4.1500001
GRC,PASOK,2,4.4000001,4.8571429,3.2,4.4666667,3.4666667,3.0714285,39.299999
GTM,GANA,2,8.5,7.3000002,5.875,5.9000001,7.1999998,3.4000001,20.4
GTM,PP,5,8.8999996,7.1999998,5.4444447,6,7.6999998,3.2,7.9499998
GTM,FRG,1,7.3000002,4.9000001,7.2222223,4.5,6.3000002,2.7,14.75
GTM,UNE,7,4.6999998,4.5999999,5.5555553,3.4000001,4,3.4000001,20.599998
GTM,INT,3,6,6,5,5,5,2.5,2.2
GTM,PAN,4,8.1111107,6.6999998,6.2857141,5.8000002,7.5555553,2.7777777,7.75
GTM,PSN,6,8.1428576,6.1999998,6.3333335,5.5,7.5,2.2,0
HND,Bancada Nacional,2,6.090909,6.5,6.8333335,6.25,6,3.0833333,44.734375
HND,Bancada Liberal,1,6.9166665,6.9166665,6.5833335,6.3333335,6,3,44.618752
HUN,Szabad Demokraták Szövetsége,1,4.7333331,6.9285712,2.6428571,6,2.9285715,3.4666667,6.0500002
HUN,Magyar Demokrata Fórum,4,6.6666665,6.5,5.5384617,6.2142859,5.6923075,3.5999999,4.8500004
HUN,Fidesz - Magyar Polgári Szövetség,3,7.5333333,3.5714285,6.5,4.3846154,5.7857141,3.5999999,36.199997
HUN,Magyar Szocialista Párt,5,2.8571429,5.5714288,4.5,4.8571429,4.2142859,3.5999999,42.599998
HUN,Kereszténydemokrata Néppárt,2,7.9333334,3.5,7.9230771,3.5384614,6.2857141,3.0714285,4.9000001
IND,Janata Dal (Secular),17,4.7692308,5.0999999,4.4000001,4,2.2222223,2.7857144,1.15
IND,Anna DMK,15,5.4000001,5.1538463,5.0833335,3.6666667,2.7692308,2.9375,1.95
IND,Janata Dal (United),7,4.8636365,4.4444447,3.5,4.2380953,2.9565217,2.6500001,1.95
IND,Rashtriya Janata Dal,8,4.2432432,4,3.8387096,3.5263157,2.6923077,2.7179487,1.85
IND,Biju Janata Dal,13,5.4615383,4.5999999,3,4.1666665,3.875,2.9000001,1.45
IND,CPI/Marxist,4,1.64,2.6027398,2.9402986,2.830986,2.4366198,3.8472223,5.5
IND,Shiv Sena,11,8.5,4.7692308,8.5714283000000009,5.090909,7.7857141,2.8823528,1.7
IND,Dravida Munnetra Kazhagarm,14,4.3333335,4.9230771,4.6153846,3.6153846,2.3846154,3.0588236,1.8
IND,BJP (Bharatiya Janata Party),2,9.2236843,6.3461537,8,6.1142859,8.5974026,3.3205128,20.5
IND,INC (Indian National Congress),5,5.5064936,5.8441558,3.9466667,4.0958905,3.2266667,3.2405064,27.549999
IND,Samajwadi Party,10,4.0714288,4.1111112,3.3461537,3.5,2.0344827,2.7692308,3.8500001
IND,BSP (Bahujan Samaj Party),1,4.1803279,3.2372882,3.875,2.7727273,2.46875,2.6338029,5.75
IND,All India Trinamool Congress,12,5.1538463,3.5,4.1999998,2.5555556,2.9000001,3.090909,2.6500001
IND,Nationalist Congress Party,6,5.2564101,5.1621623,3.9444444,4.9000001,3.4358974,2.8611112,1.9
IND,Telugu Desam Party,16,5.352941,6.6315789,4.3125,3.7058823,3.5294118,3.1500001,2.75
IND,Shirmani Akali Dal,9,7.9545455,5.8421054,6.9444447,5.3809524,3.4210527,2.6315789,0.94999999
IND,CPI (Communist Party of India),3,1.6081082,2.6142857,2.8636363,2.8235295,2.4571428,3.8285713,1.4
IDN,Golongan Karya,2,5.75,5.1538463,5.3076925,5.0714288,3.8333333,3.2142856,18.014999
IDN,Partai Amanah Nasional,1,5.8461537,4.0769229,6,4.3846154,4.3333335,2.8571429,6.2250004
IDN,Partai Persatuan Pembangunan,7,5.8461537,4,7.3076925,4.1428571,5.5,2.6428571,6.7349997
IDN,Partai Demokrasi Indonesia,4,3.1538463,3.2142856,4.4615383,2.9285715,3.8333333,3.4285715,16.280001
IDN,Partai Demokrat,3,5.9166665,5.5,5.4166665,5,3.9166667,3,14.15
IDN,Partai Keadilan Sejahtera,6,5.7692308,3.7142856,7.2142859,3.7857144,5.5833335,3.4285715,7.6100001
IDN,Partai Kebangkitan Bangsa,5,5.1538463,3.6923077,5.4285712,3.7142856,4.3333335,2.5714285,7.7550001
IRL,Fine Gael (FG),2,6.8888888,6.2222223,6.1111112,6,6,3.5555556,25.200001
IRL,Fianna Fáil (FF),1,6.3333335,5.8888888,6.1111112,5.1111112,6.25,3.3333333,41.549999
IRL,Greens (Gr),5,3.1111112,4.375,2.7777777,4.2222223,3.6666667,4,4.25
IRL,Sinn Féin (SF),4,2,3.1111112,3.5,3,5.2857141,3.125,6.6999998
IRL,Progressive Democrats (PDs,3,8.4444447,8.1111107,2.6666667,8.1111107,4.875,4,3.3499999
IRL,Labour (Lab),6,3.4444444,4.2222223,3.2222223,4,3.625,3.7777777,10.450001
ISR,Torah and Shabbat Judaism (Aguda),8,7.521739,3.1304348,9.5769234,3.5,7.818182,3.2692308,4.5500002
ISR,Meretz,9,1.9615384,4.1538463,2.1153846,4.5769229,2.7307692,3.8461537,3.4000001
ISR,Labor - Meimad,2,4,4.5769229,4.1999998,4.3846154,4.2692308,3.3846154,12.45
ISR,Israel Beiteinu,5,9.0769234,7.5,4.7826085,5.6842103,8.5,3.75,10.35
ISR,Kadima,1,5.5769229,7.0384617,5,6.5833335,5.8400002,3.2307692,22.25
ISR,Likud,4,8,6.9615383,6.5599999,6.3600001,7.7692308,3.5384614,15.3
ISR,National Unity - Mafdal,6,9.0384617,4.6190476,8.6923075,4.25,8.5200005,3.9230769,5.1999998
ISR,Pensioners' Party,7,5.3571429,3.7272727,5.2727275,2.9565217,5.818182,3.4736843,3.2
ISR,Shas,3,7.6666665,3.1199999,9.6923075,2.9230769,7.9200001,3.3846154,9
ITA,Südtiroler Volkspartei (SVP),8,5.3888888,4.8461537,6.9166665,4.8571429,4.1500001,2.5384614,0.45499998
ITA,Rifondazione Comunista (Rc),7,1.4615384,1.4230769,2.4400001,1.3076923,1.6666666,3.0416667,4.4499998
ITA,Movimento per l'Autonomia (Mpa),9,6.8235292,4.1428571,7.9230771,5.4166665,5.6428571,2.4705882,0.85000002
ITA,Lega Nord (LN),3,8.666667,6.4230771,8.3199997,6.8000002,8.666667,3.5599999,6.1999998
ITA,Partito Democratico (PD),4,3.6923077,3.8461537,3.75,3.1600001,3.125,3.1600001,32.200001
ITA,Unione di Centro (Udc),6,5.8076925,4.8461537,7.7199998,5.0799999,5.130435,2.7916667,6.1999998
ITA,Forza Italia (FI),1,8.0769234,7.2692308,7.48,8.1999998,7.4583335,3.52,30.550001
ITA,Italia dei Valori (IdV),5,4.8846154,4.5416665,5,4.1176472,4.5238094,3.2,3.3499999
ITA,Alleanza Nazionale (AN),2,8.4615383,4.7692308,8.5200005,5.7307692,8.0799999,3.3199999,6.1500001
JAM,People's National Party,2,5.1999998,4.3846154,6.0833335,4.3076925,2.8571429,2.9230769,51
JAM,Jamaica Labor Party,1,5.7272725,4.8461537,7,4.6923075,3.5,3.0769231,48.650002
JPN,Liberal Democratic Party Japan,1,8.2105265,5.3333335,8.2105265,5.6875,7.8333335,3.0526316,36.550003
JPN,Japanese Communist Party,4,1.2105263,2.1578948,2.9473684000000002,1.9473684,2.3157895,3.6111112,7.5
JPN,Japanese Social Democratic Party,5,1.8421053,2.4736843,2.4210527,2.4736843,2.2631578,3.5882354,5.3499999
JPN,Komei Party,3,5.8947368000000004,4,5.6666665,3.3333333,3.9444444,3,14.05
JPN,Democratic Party Japan,2,5.4705882,5.8235292,4.3333335,4.2666669,4.375,3.4736843,34.200001
KEN,Party of National Unity,4,7.3636365,5.6666665,5.3000002,5.909091,5.9230771,3.25,10.386474
KEN,Orange Democratic Movement,2,3.2,5.8461537,3.3846154,4.0714288,2.7333333,3.9375,23.913044
KEN,Kenya African National Union,1,6.3000002,4.1999998,4.6666665,6.8000002,4.75,2.375,17.881643
KEN,Orange Democratic Movement-Kenya,3,5.1111112,6.1666665,4.6666665,5.5,4.6666665,3.0625,3.8647344
LVA,TP,1,8.2307692,7.9230771,6.1538463,7.2307692,6.9230771,3.0769231,18.1
LVA,TB/LNNK,6,7.2307692,5.8461537,7.2307692,5.2307692,8.6923075,3.3076923,6.1500001
LVA,SC,4,3.9230769,4.4615383,4.1666665,4.2307692,2.4615386,3.0769231,7.1999998
LVA,JL,2,7.8461537,6.9230771,4.9230771,6.2307692,7.1538463,3.2307692,20.15
LVA,LSDSP,8,3.3846154,3.25,5.181818,3.3333333,5.8333335,3,3.75
LVA,LPP/LC,5,6.5384617,6.6153846,9.0769234,6.1666665,5.6153846,2.9230769,12
LVA,PCTVL,7,2.4615386,3.5384614,4.5454545,3.6923077,1.6923077,3.2307692,12.5
LVA,ZZS,3,6.3076925,5.3076925,6.5384617,5.1538463,6.6923075,3,13.05
LBN,Democratic Left Movement,5,3.8571429,3,3.5,3.6666667,6.6666665,2.625,0.78125
LBN,Lebanese Democratic Party,12,6,4.3333335,3.2,6,2.4285715,2.7142856,1.171875
LBN,Kateab Party,4,8.4444447,7.2857141,6.1999998,6.1666665,4.9000001,2.5999999,4.296875
LBN,Free Patriotic Movement,10,5.8000002,5.375,5,3.875,3.7,3.3,12.890625
LBN,National Liberal Party,6,7.7142859,7.75,5,7.3333335,3.2,2.1428571,0.390625
LBN,Syrian Socialist Nationalist Party,11,5.6666665,3.8571429,4.875,3.3333333,5.8888888,3.0999999,1.5625
LBN,Marada Movement,13,6.6666665,4.8000002,5.25,3.8,4.1428571,2.3333333,1.171875
LBN,Lebanese Forces,3,8.4444447,7.2857141,5.8000002,5.7142859,4.9000001,2.5,5.46875
LBN,Tachnak Party,14,5.6666665,4.5,5,3.6666667,3.0999999,2.8888888,0.78125
LBN,Hizbullah,9,5.1111112,5,8.6000004,2.5,3.5999999,3.5,10.546875
LBN,Jama'a Islamiya,7,6.25,5,8.6000004,3.5999999,4.8571429,2.75,0.390625
LBN,Amal Movement,8,5.2222223,4.2857141,7.1999998,4,4.3000002,2.7,10.546875
LBN,Progressive Socialist Party,2,5.5555553,3.125,5.5,3.4444444,4.5999999,2.7,10.15625
LBN,Future Movement,1,7.2222223,7.375,6.0999999,6,5.4000001,2.5,25
LBN,Lebanese Communist Party,15,2.2,2.4000001,2.7142856,1.5,4.5555553,3.5,0
LTU,Peasants and New Democratic Party Union,7,3.9333334,4.375,6.25,3.5,3.7692308,2.2352941,5.1500001
LTU,Labor party,1,4.6666665,5.5333333,6,3.625,3.6153846,1.5625,18.700001
LTU,Homeland Union (Lithuanian Conservatives),6,8.5,6.1176472,7.2666669,4.9411764,6.0588236,3.0588236,17.150002
LTU,Lithuanian Social Democratic Party,4,4,5.1764708,5.4615383,4.125,3.4000001,2.1764705,12.549999
LTU,Liberal Democratic Party,2,5.6428571,3.9411764,6.1538463,3.1333334,6.2142859,1.8125,11.85
LTU,New Union (Social Liberals),5,4.8461537,5.6875,5,4.1428571,3.3846154,1.8125,5.4499998
LTU,Liberal and Center Union,3,8.1333332,8.6470585,3.4285715,6.3333335,2.5999999,2.6470587,7.2000003
MKD,SDSM,1,2.5999999,3.7,2.75,5.1999998,3.6363637,3.75,19.549999
MKD,NSDP,3,2.4444444,4.7142859,3.3333333,6,3.2222223,3.3636363,6.9499998
MKD,DPA,5,NA,5,6.8888888,5.5,2.7,3.5,8
MKD,VMRO-DPMNE,2,7.4000001,5.2222223,7.3333335,5.4000001,6.2727275,4,40.650002
MKD,DUI,4,2.7142856,5.5,6.3000002,6.4000001,2.9000001,3.5833333,12.200001
MYS,Malaysian Chinese Association,2,7.8421054,4.8571429,3.6363637,5.7619047,4.0952382,2.6818182,12.95
MYS,Democratic Action Party,4,3.0999999,4.090909,1.9523809,3.1818182,1.7619047,3.6363637,11.85
MYS,Pan-Malaysian Islamic Party,5,6.1999998,3.0476191,8.7619047,2.9545455,6.2380953,3.4545455,14.65
MYS,People's Justice Party,3,3.6315789,3.6818182,3.8,2.9545455,2.8571429,3.590909,13.75
MYS,United Malays National Organisation,1,7.6500001,3,8.272727,4.3636365,7.6190476,3,32.599998
MLI,The Rally for Mali,2,4.75,4.375,5.7142859,4,3.7142856,2.5454545,17.8125
MLI,The Union for the Republic and Democracy,1,7,5,5.7142859,4.5999999,3.5714285,2.5454545,10.625
MLI,The Sudanese Union-African Democratic Rally,3,2.5,4.875,7,1.4,5.2857141,2.3636363,3.4375
MLI,The National Congress for Democratic Initiative,5,5.1428571,4.75,5.7142859,3.8,4.2857141,2.5454545,6.25
MLI,The Alliance for Democracy in Mali,4,5.625,5.1111112,5.7142859,3.5999999,4.5714288,2.7,32.5
MUS,Mauritian Social Movement,4,6.3000002,4.2727275,4.4545455,3.2727273,2.909091,3.2727273,25.78125
MUS,Mauritian Labour Party,1,6,4,3.6363637,3,2.8181818,3.3636363,32.8125
MUS,Mauritian Militant Movement,3,6,4,4.1999998,3.5454545,3.1818182,3.4545455,32.8125
MUS,Rodrigues Movement,6,5.5714288,4.3333335,4.5,2.8333333,3,3.1666667,3.125
MUS,Mauritian Party of Xavier-Luc Duval,2,7,4.6363635,3.6363637,3.1818182,2.4545455,3.2,2.34375
MUS,Organisation of the People of Rodrigues,5,5.4285712,4.5,4.5,2.6666667,3,3.1428571,3.125
MEX,PAN,2,8.1052628,7.3157897,7.3888888,5.3888888,6.3333335,3.4736843,28.25
MEX,P.V.E.M,4,7.0625,5.6428571,6.9000001,5.7857141,5.6363635,2.8571429,6.1500001
MEX,PRD,3,2.5789473,3.6315789,2.8333333,3.2777777,2.5555556,3.4210527,17.650002
MEX,PRI,1,5.4210525,5.1578946,4.647059,4.2222223,4.8333335,3.1578948,25.25
MEX,CONVERGENCIA,5,3.8,4.3846154,4,4.4285712,3.8461537,2.9285715,4.0999999
MDA,Communist Party of Moldova,1,2.1428571,1.6428572,8.9230766,2.4285715,2.75,3.5714285,47.75
MDA,Liberal Party of Moldova,5,8.3846149,7.7142859,4.1666665,4.5999999,6.6666665,3.25,6.5500002
MDA,Christian-Democratic People's Party,2,6.7142859,5.6428571,6.9230771,4.4615383,6.25,3.2307692,6.0500002
MDA,Democratic Party of Moldova,4,4.2857141,4.7857141,5.181818,3.6153846,3.5,2.8461537,4.8499999
MDA,Party Alliance Our Moldova,3,6.5384617,6.3076925,5.4545455,4.25,4.0833335,2.6923077,14.1
MDA,Social-Democratic Party of Moldova,6,3.5714285,4.2857141,6,3.3846154,2.5833333,2.7857144,3.3000002
MNG,National New Party,4,5.4000001,5.1111112,7.5833335,2.6666667,7.7272725,2.2727273,0
MNG,Mongolian People's Revolutionary Party,3,3.3076923,3.2666667,6.5714288,3.6666667,5.7333331,2.9333334,53.705261
MNG,Democratic Party,1,6.7142859,6.1999998,3.3571429,5.4000001,4.8000002,3.2,36.713158
MNG,Motherland Party,5,3.1666667,4.25,4.3333335,4.3333335,5.25,1.6,2.55
MNG,Civic Will Party,2,6.9000001,5.4545455,3.5454545,6.25,4.4444447,2.6153846,1.3078947
MAR,Mouvement Populaire,3,8.416667,6.5,6.75,6.1428571,4.181818,2.4615386,7.1500001
MAR,Parti d'Independence,1,9.25,5,6.7272725,6.4444447,4.0833335,2.7692308,9.25
MAR,Union Socialiste des Forces Populaires,5,3,4.6999998,4.9166665,4,4.1666665,3.3076923,9.25
MAR,Rassemblement National des Indépendents,4,9.25,6.5,6.090909,8.2857141,4.6999998,2.1538463,8.4499998
MAR,Parti de la Justice et du Développement,2,6.4166665,4.9000001,6.6666665,4.1111112,3.9166667,3.6153846,9.1499996
MOZ,Mozambican National Resistance,2,5.7777777,7.4545455,5.5,4,4.75,2.5999999,34.25
MOZ,Liberation Front of Mozambique,1,5.875,6.0769229,5.3076925,4.818182,6.2307692,3.3125,55.25
NAM,National Unity Democratic Organization,4,6,5.2222223,4.5555553,3.4545455,3.1818182,2.2727273,2.05
NAM,South West Africa People's Organization,1,4.1999998,3,6.75,3.25,6,2.9166667,75.649994
NAM,United Democratic Front,5,5.5,4.7777777,4.4444447,3.090909,2.9000001,2.2,3.2
NAM,Democratic Turnhalle Alliance,3,5.909091,5.3000002,4,3.5454545,3.3333333,2.8333333,7.25
NAM,Congress of Democrats,2,4.6363635,3.6363637,3.090909,3,3.4166667,3,8.5499992
NLD,Democrats 66,8,4.75,5.8333335,1.4166666,5.25,2.8333333,3.4166667,3.05
NLD,People's Party for Freedom and Democracy,4,7.9166665,8.333333,2.6666667,7.9166665,7.25,3.5,16.299999
NLD,Proud of the Netherlands,9,9,9.1000004,4.7142859,8.875,9.5,3.0833333,0
NLD,Christian Union,7,5.0833335,4,7.9166665,3.6666667,5.5833335,3.8333333,3.05
NLD,Christian Democratic Appeal,1,6,5.7272725,6.3333335,5.3636365,5.1666665,3.5,27.549999
NLD,GreenLeft,6,2.4166667,2.9166667,1.5833334,2.8333333,2,3.8333333,4.8499999
NLD,Party for Freedom,5,9.5,9,5,8.636364,9.75,3.8333333,2.95
NLD,Socialist Party,3,2.0833333,1.75,3.2,1.8333334,4.9166665,4,11.450001
NLD,Labour Party,2,3.9166667,3.1666667,2.8333333,3.25,3.5,3.75,24.25
NZL,Maori,6,3.3333333,4,4.75,3.5,3.0833333,3.6666667,2.25
NZL,Labour,1,5,3.3076923,3.9230769,3.0769231,2.1538463,3.9230769,37.549999
NZL,United Future,7,4.7142859,5.6666665,5.5,5.8333335,4.4166665,3,1.8
NZL,NZ First,4,4.3333335,4.3333335,5.8333335,4.75,7.75,3.25,4.8999996
NZL,ACT,5,7.3636365,8.5,3.6666667,8.5384617,6.25,3.5833333,2.5999999
NZL,Green,3,4.1111112,2.9166667,3.5,2.9230769,2,3.9166667,6
NZL,Progressive,8,4.375,2.5,3.6363637,2.75,2.1666667,3,1.05
NZL,National,2,5.7272725,6.6153846,4.3846154,6.8461537,5.2307692,3.4615386,42
NIC,Azul y Blanco,1,8.1999998,7.25,4.4444447,5.6666665,4.375,2.625,13.35
NIC,FSLN,2,4.9000001,3,5.0999999,4,4.3000002,3.1111112,40.099998
NIC,Partido Liberal,3,8.3000002,7,4.6999998,6.3000002,4.6666665,2.8888888,39.549999
NER,Nigerien Party for Democracy and Socialism,3,3,4.3333335,6.5999999,3.5,1.6666666,2.625,16.338554
NER,National Movement for the Development of Society,1,7,6.3333335,6.5999999,6.25,1,2.25,41.491566
NER,Democratic and Social Convention,2,6,5.1666665,8,6,3,1.875,18.940964
NER,Nigerien Alliance for Democracy and Progress,4,6.25,5.4000001,6.5999999,6.25,3,1.875,5.1096387
NGA,African Congress,1,4.8333335,5.9523811,4.2941175,4.909091,4.25,2.5757575,4.4444447
NGA,All Nigeria People's Party,2,4.75,5.3333335,5.4545455,4.4166665,4.2272725,2.7027028,22.311111
NGA,People's Democratic Party,3,6.5999999,6.347826,4.181818,6.75,5.2272725,2.2162163,63.361111
NOR,Conservative Party (Høyre),3,7.8400002,7.4166665,4.5,6.5833335,4.5833335,3.9166667,17.650002
NOR,Centre Party (Senterpartiet),1,4.2083335,4.2916665,5.318182,4.4166665,4.7916665,3.8333333,6.0500002
NOR,Socialist Left Party (Sosialistisk venstreparti),7,2.375,2.9583333,3.5217392,3.1666667,2.3333333,3.8333333,10.65
NOR,Labour Party (Arbeiderpartiet),4,3.8,4,4.75,3.8333333,3.96,3.8695652,28.5
NOR,Liberal Party (Venstre),5,6.1599998,5.9583335,3.125,5.25,3.28,3.7083333,4.9000001
NOR,Christian People’s Party (Kristelig folkeparti),2,5.7083335,5.125,7.0416665,4.25,4.8000002,3.875,9.6000004
NOR,Progress Party (Fremskrittspartiet),6,8.347826,7.75,5.7391305,6.6086955,8.1999998,3.8333333,18.35
PAK,MQM,4,5.9375,5.8000002,3.8333333,4.3888888,3.3499999,3.1904762,5.25
PAK,PML-Q,3,7.4545455,6.5,6.352941,5.2777777,5.5789475,2.0999999,24.35
PAK,PPP,1,3.5454545,4,3.2777777,3.3499999,2.8,3.0952382,28.200001
PAK,ANP,5,3.1818182,4.5333333,3.3333333,3.7777777,2.3157895,3.3333333,1.5
PAK,JUI-F,6,9,5.4000001,9.3529415,5,7.1333332,3.4736843,6.75
PAK,PML-N,2,7.4545455,6.5,6.1111112,4.5789475,4.9499998,3.3,14.5
PAN,P. Liberación Nacional,6,7.1999998,7,7.25,6.25,5.75,2.25,2.5999999
PAN,P. Solidaridad,4,7.5714288,7.6666665,7.8333335,5.1666665,6.3333335,2.1428571,7.8499999
PAN,P. Revolucionario Democrático,1,6.5,5.75,6.625,4.375,5,3.25,36.25
PAN,P. Molirena,3,7.625,7.75,7.4285712,4.8571429,6.5714288,2.25,6
PAN,P. Arnulfista,2,7.625,6.5,7,5.375,5.625,2.625,21.900002
PAN,P. Cambio Democrático,5,7.75,7.5714288,7.1428571,5,6.5714288,2.375,15.3
PRY,ANR,1,6.7692308,4.1538463,7.3846154,5.3076925,5.1538463,3.0769231,35.775002
PRY,PLRA,2,7.6923075,6.3076925,5.1538463,5.7692308,5.5,3,29.1
PRY,PPQ,3,8.6153851,7.3846154,6.0769229,6.0769229,6.1666665,2.9230769,9.5249996
PRY,MPT,7,2.5,1.5,3.5,1.5,1.75,2.75,0.625
PRY,PDP,6,3.75,3,4,2.25,2.25,2.75,0.625
PRY,PPS,5,3.5555556,3.5555556,4,3.5555556,3.2222223,3.1111112,1.65
PRY,PUNACE,4,8.2307692,5.1538463,7.8333335,5.8333335,5.5384617,2.5384614,17.35
PER,Partido Aprista Peruano,2,5.4545455,5.6363635,5.2727275,4.4545455,4.818182,3.2727273,20.150002
PER,Unión por el Perú,1,2.5999999,3.5454545,7.090909,3.3636363,5.6363635,3,12.650001
PER,Unidad Nacional,3,8.363636,7.3636365,6.090909,6.5454545,5.909091,3.2727273,14.55
PER,Frente de Centro,5,5.5,5.1999998,5.2222223,4.8000002,3.375,3.2,3.55
PER,Alianza por el futuro,4,7.5999999,7,5.6666665,5.9000001,5.6666665,2.4000001,6.5500002
PHL,AKBAYAN,7,1.4,2.3333333,2.4444444,1.9,2.2222223,4,0.57499999
PHL,BAYAN MUNA,6,1,2.1111112,4.1111112,1.9,2.5555556,4,0.95999998
PHL,NP,5,6.875,6.6666665,5.75,5.2857141,1.75,2.1111112,2.4849999
PHL,KAMPI,2,8.4444447,6.5,7,5.1428571,3.2,1.9,14.334999
PHL,NPC,3,8,6.5714288,5.25,5.5,3.2,2.2,13.025
PHL,LP,4,5.0999999,6.875,4.2857141,3.625,2.75,3,9.6049995
PHL,LAKAS-CMD,1,7.4444447,5.7142859,5.1666665,4.4285712,3.1428571,2.4000001,32.739998
POL,PSL,4,5.5384617,3.2857144,6.3846154,3.7142856,5.3076925,2.3846154,7.9499998
POL,SRP,5,3.4545455,2.1538463,5.6363635,2.6428571,5.5,3.0833333,6.4499998
POL,SLD,3,2.4285715,3.5714285,3.1428571,3.4285715,4.3076925,3,10.25
POL,PO,1,7.0714288,8.1428576,4.6428571,7.2857141,4.6153846,2.9285715,32.799999
POL,PiS,2,8.0714283000000009,3,7.1428571,3.0714285,6.3571429,3.1428571,29.549999
POL,LPR,6,9.2857141,2.7272727,8.5,3.0769231,7.3571429,3.3333333,4.6500001
PRT,Portuguese Communist Party,3,1.7,1.15,2.8333333,1.85,2.0588236,3.8,7.25
PRT,Leftist Bloc,5,1.7,1.5,1.2,1.9473684,1.2,3.8,4.5500002
PRT,Social Democratic Center-Popular Party,4,8.3500004,7.9473686,8.1999998,6.8888888,7.75,3.45,8
PRT,Social Democratic Party,2,6.6500001,6.5789475,6.3499999,5.7368422,5.5294118,3,34.5
PRT,Socialist Party,1,4.5,4.1052632,3.6500001,4.2105265,3.1666667,3,41.400002
KOR,GNP,1,7.5333333,6.9333334,7.3333335,8.1333332,7.4166665,2.9333334,36.599998
KOR,UDP,2,4.4000001,5.0666666,4.7333331,3.5999999,4.4166665,2.8666666,31.700001
KOR,LFP,3,8.3076925,7.6153846,8.333333,8.583333,7.3333335,2.7142856,3.4000001
ROM,Partidul Social Democrat,1,2.4615386,2.5384614,6.1428571,2.7142856,6.4285712,3.1428571,31.700001
ROM,Partidul Democrat Liberal,2,6.5833335,7,5.5384617,5.2307692,4.2857141,3.2857144,22.950001
ROM,Partidul Romania Mare,4,4.818182,2.0833333,8.9285716999999991,3.3636363,9.2142859,1.9230769,8.1000004
ROM,Partidul Conservator,6,4.1111112,3.2222223,7.1538463,3.5454545,7.9230771,2.4615386,3.25
ROM,Partidul National Liberal,3,6.9230771,7.4615383,4,5.5714288,4.3846154,3.5,18.299999
ROM,Uniunea Democrata Maghiara din Romania,5,6.2727275,6.7272725,3.9166667,5.181818,2.2857144,3.0833333,6.1999998
RUS,Yabloko,6,6.5384617,7.1666665,2.0833333,6,1.75,3.4615386,2.95
RUS,CPRF,2,1.3846154,2.6923077,8.083333,2,4.8000002,3.8461537,12.1
RUS,LDPR,3,7,4.9000001,7.5999999,4.3333335,8.416667,2.6153846,9.8000002
RUS,SPS,5,8.6153851,8.2307692,1.4166666,7.25,2,3.3846154,2.5
RUS,United Russia,1,5.7777777,4.4615383,7.818182,5,4.5555553,3.2307692,50.950001
RUS,SR,4,3.2307692,4.4166665,7.4545455,3.7692308,4.7777777,3.4615386,9.8999996
ZAF,Democratic Alliance,2,6.5454545,6.4545455,2.090909,4.6363635,2.7272727,3.6363637,14.55
ZAF,African National Congress,1,3.909091,2.6363637,2.5,2.909091,3.8181818,3.7272727,67.800003
ZAF,Inkatha Freedom Party,3,6.7272725,5.4545455,5.3000002,3.909091,3,2.6363637,5.8000002
SEN,Alliance of the Forces of Progress,5,4.2222223,5,6.625,4,1.8571428,3.2,8.0500002
SEN,Party of Independence and Labour,3,2.4000001,3,6.4285712,4.2222223,1.75,3.4545455,0.30000001
SEN,Socialist Party,2,3.6666667,3,6,4.7142859,2,3.090909,8.6999998
SEN,Senegalese Democratic Party,1,7.75,6.875,5.375,4.5714288,2.7142856,3.2222223,59.399998
SEN,African Party for Democracy and Socialism,4,3.2222223,3.4285715,6.4285712,4.375,1.7142857,2.8181818,4.5
YUG,SPS,6,4.3333335,2.5999999,5.2222223,2.2,5.4000001,3.1111112,6.5999999
YUG,DSS,3,8,4.5,7.8000002,5.3333335,8.5,3.3,10.6
YUG,DS,2,4.9000001,5,2.0999999,5,1.7,3.4000001,23.450001
YUG,SRS,1,8.4285716999999991,2.625,8.8000002,2.2,9,3.2,29.049999
YUG,LDP,7,6.2222223,9.1000004,2,9.125,2.0999999,3.3,5.25
YUG,G17+,4,6.8888888,8.2222223,1.8,8.5555553,1.9,3.3,7.5500002
YUG,NS,5,7.9000001,3.875,8.5,4,8.3999996,2.9000001,3.5
SVK,People's Party - Movement for a Democratic Slovakia,5,5.1999998,4.2727275,6.6666665,4.4166665,7.9166665,1.8333334,14.15
SVK,Slovak Democratic and Christian Union - Democratic Party,2,7.2307692,7.4615383,4.6923075,7.2307692,4.6153846,3.5833333,16.75
SVK,Party of Hungarian Coalition,4,6,5.5833335,5.8333335,4.6923075,1.8333334,2.9166667,11.45
SVK,Slovak National Party,3,6.5,4.6363635,8.4615383,4.1999998,9.8461542,2.8333333,7.5
SVK,Christian Democratic Movement,6,7.1538463,6.1538463,9.3076925,5.7692308,6.3076925,3.75,8.3000002
SVK,Direction - Social Democracy,1,2.8461537,2.3076923,5.1666665,2.3846154,7.4615383,3.1666667,21.299999
SVN,Social Democrats,1,2.375,3.2,2.0714285,2.125,1.6666666,3.5714285,20.35
SVN,Liberal Democracy of Slovenia,7,3.25,6.7333331,1.6428572,5.625,1.9333333,3.3571429,14
SVN,Democratic Party of Pensioners of Slovenia,4,3.25,2.7333333,2.9230769,2.0625,3.2307692,3.7692308,5.75
SVN,New Slovenia ¡V Christian People's Party,8,8.7333336,5.7142859,8.7142859,4.6875,8.1333332,3.1666667,4.5
SVN,For Real,3,3.1875,4.5333333,1.7857143,4.8125,1.4666667,3.5714285,4.6999998
SVN,Slovenian Democratic Party,2,7.0625,5.8000002,6.4285712,5.125,7.7333331,3.6428571,29.200001
SVN,Slovenian National Party,5,7.9166665,3.7,5.5384617,3.3333333,9.8000002,3.6923077,5.8500004
SVN,Slovenian People's Party,6,7.7333331,4.6153846,7.7692308,3.4375,7.2666669,3.3571429,6
ESP,Convergence and Union,4,6.6666665,6.5333333,6.2142859,5.4000001,5.6666665,3.375,3.1500001
ESP,Spanish Socialist Workers Party,1,3.8125,4.9411764,2.7058823,4.1176472,4.0588236,3.7058823,43.599998
ESP,Popular Party,2,7.9375,6.7647057,6.8823528,5.7058825,7.2352943,3.1764705,39.099998
ESP,Basque Nationalist Party,5,6.4666667,5.8000002,5.5714288,4.8000002,5.3333335,3.375,1.4000001
ESP,United Left,3,1.8,3.0625,2.0625,2.875,3.0625,3.625,4.5500002
SWE,Moderata samlingspartiet,1,7.9499998,6.9000001,3.5999999,6.5,4.3000002,3.9000001,20.75
SWE,Centerpartiet,2,7.1999998,6.4499998,3.7,5.6999998,4.3000002,3.9000001,7.0500002
SWE,Socialdemokraterna,6,3.3,3.8,2.7894738,4,3.05,4,37.450001
SWE,Vänsterpartiet,7,1.7,2.95,2.45,3.1500001,1.85,3.95,7.1499996
SWE,Miljöpartiet de Gröna,5,3.8499999,4.6500001,2.45,4.3000002,2.1500001,4,4.9499998
SWE,olkpartiet liberalerna,3,7.4000001,6.5999999,2.75,5.9499998,4,3.9000001,10.45
SWE,Sverigedemokraterna,8,8.2307692,5.5,8.6875,4,9.6000004,3.9411764,2.1500001
SWE,Kristdemokraterna,4,7.5999999,6.1999998,6.25,5.6999998,4.3499999,3.95,7.8999996
CHE,CVP,1,5.5333333,5.7333331,6,4.7333331,3.8666666,3.4666667,14.45
CHE,LPS,6,7.8666668,8.7333336,3.5454545,8.3999996,4.4615383,3.5,2.05
CHE,Lega,7,8.6923075,6.5,6.5714288,5.75,7.9333334,3.9166667,0.5
CHE,FDP,2,7.5999999,8.0666666,3.7692308,7.7333331,4.5999999,3.4666667,16.549999
CHE,SP,3,2,2.4666667,2.4615386,2,1.9333333,3.8666666,21.450001
CHE,SVP,4,9.3999996,8.6000004,7.2307692,8.5333338,8.0666666,3.9333334,27.75
CHE,Gruene,5,2.0666666,2.8,2.3076923,2.5999999,1.9333333,4,8.5
TWN,Kuomintang,1,7.1666665,4.8888888,4.7222223,6.4375,5.0625,3.1666667,51.59
TWN,Democratic Progressive Party,2,4.8888888,4.3125,3.2222223,4.5294118,5.4375,3.1666667,42.23
TZA,Party of the Revolution,1,5.25,5.5,4.6923075,5.25,4.5,3.6875,78.728813
TZA,Civic United Front,3,5.3333335,4.5,3.7,3.4285715,5.0999999,3.5,10.878814
TZA,Party for Democracy and Progress,2,6.1111112,5.6666665,3.3,3.7142856,4.818182,3.6875,4.9474573
THA,Ruam Jai Thai Chart Pattana,5,8.3999996,8.5,7.5,6.25,7,1.8888888,1.35
THA,Palang Prachachon,6,6.4285712,5.1111112,8,4.375,7,3.75,19.799999
THA,Chart Thai,3,8.833333,7,6.5999999,5.5,6.25,1.8888888,2.2
THA,Pue Pandin Party,2,9.1999998,7,7.5,4.4000001,7.5,1.8888888,2.8
THA,Prachatipat,7,8.125,7.4444447,7.8000002,6.375,5.7777777,3.125,19.799999
THA,Pracharaj Party,1,9,9,7.5,6.3333335,7.5,2,1.05
THA,Matchima Thipatai,4,8,7,7.25,5.75,7,2,0.75
TUR,Demokratik Toplum Partisi (DTP),5,2.6363637,3.6666667,4.75,4.1111112,3.6363637,3.3,0
TUR,"Milliyetc,i Hareket Partisi (MHP)",6,8.818182,4,8.1999998,5.8571429,7.3636365,3,7.1500001
TUR,Demokrat Parti (DP),3,6.5454545,6.4000001,6,6.6666665,6.3333335,2.375,2.7
TUR,Adalet ve Kalk?nma Partisi (AKP),1,6.6363635,7.6363635,7.9000001,4.5454545,4.5454545,3.3636363,40.5
TUR,Cumhuriyet Halk Partisi (CHP),2,5,4.6363635,4.8000002,3.9000001,4.8000002,2.8181818,20.099998
TUR,Saadet Partisi (SP),7,8.181818,3.4000001,9.1111107,3.3333333,5.25,3,0
TUR,Demokratik Sol Parti (DSP),4,5.3636365,4.4545455,5.1111112,5,5.7777777,2.2222223,0
GBR,Liberal Democratic Party,3,4.5384617,5.25,2.5,4.75,2.6666667,3.4615386,20.200001
GBR,Conservative Party,2,6.9230771,6.9230771,5.3333335,6.6153846,5.5833335,3.3076923,32
GBR,Labour Party,1,4.4615383,4.4615383,3.25,4.1538463,3.1666667,3.4615386,38
USA,Republican Party,2,8.8666668,8.4666662,8.3999996,8.9375,7.5,3.5625,44.150002
USA,Democratic Party,1,2.5333333,3.0666666,3.1333334,3.125,2.7857144,3.5625,52.5
UKR,Lytvyn Bloc,5,5.5625,4.7142859,4.2857141,4.4375,3.7142856,3.0999999,3.2
UKR,Socialist Party of Ukraine,6,2.6363637,2.9523809,5.647059,2.7727273,3.2666667,3.2857144,4.3000002
UKR,Bloc Yuliya Tymoshenko,1,4.1428571,3.5238094,3.875,3.3,3.3684211,3.5,26.5
UKR,Party of Regions,2,6.2631578,5.3684211,4.9411764,5.5789475,3.5294118,3.5,33.25
UKR,Communist Party of Ukraine,4,1.6818181,1.9047619,6.75,2,3.6470587,3.3809524,4.5500002
UKR,Our Ukraine-People's Self-Defense Bloc,3,8.090909,6.5,5.7142859,5.6190476,5.6666665,3.409091,14.1
URY,P.Colorado,2,6.8235292,6.7647057,4.647059,5.5,4.7142859,3.3125,21.700001
URY,P.Encuentro Progresista Frente Amplio-Nva mayoria,3,3.4117646,3.2941177,3.7647059,3.8235295,3.7333333,3.8125,45.900002
URY,P.Nacional,1,6.2352943,6.5294118,5.5882354,5.125,4.8571429,3.375,28.699999
VEN,Un Nuevo Tiempo,5,5.6666665,5,3,5.6666665,3.5,3,0.89999998
VEN,Podemos,2,4.6666665,4.5,5.5,3.75,4.4000001,2.7272727,4.0999999
VEN,Primero Justicia,6,7.3333335,5.6666665,3.3333333,5.3333335,4.5,3,1.5
VEN,PCV,4,3,3.5,7.2727275,3.1666667,5.181818,2.5999999,1.5500001
VEN,PPT,3,3.5833333,4.8333335,5.8333335,3.75,4.2727275,3,4.5500002
VEN,MVR,1,3.4166667,3.6666667,8,3.25,4.6363635,3.0833333,52.200001
ZMB,United National Independence Party,2,3.875,2.6111112,2.875,3,3.9375,2.75,11.65
ZMB,Movement for Multi-party Democracy,1,6.75,6.4705882,2.4375,4.3333335,3.9375,3.5555556,32.950001
ZMB,United Party for National Development,3,5.7647057,5.4117646,2.125,3.8125,3.5882354,3.5,5.1999998
ZMB,Patriotic Front,5,5.6923075,4.1999998,3.2666667,3,5.352941,3.0555556,12.849999
ZMB,Forum for Democracy and Development,4,5,5.7857141,1.5384616,3.5833333,3.75,2.7647059,7.6500001
